"SciName","CommName","SpeciesID"
"Ablennes hians","Flat needlefish","10"
"Acanthistius brasilianus","Argentine seabass","75"
"Acanthocybium solandri","Wahoo","94"
"Acanthopagrus berda","Goldsilk seabream","110"
"Acanthopagrus bifasciatus","Twobar seabream","111"
"Acanthopagrus latus","Yellowfin seabream","114"
"Acanthurus sohal","Sohal surgeonfish","153"
"Acetes erythraeus","Tsivakihini paste shrimp","178"
"Acetes japonicus","Akiami paste shrimp","179"
"Aequipecten opercularis","Queen scallop","366"
"Alepes djedaba","Shrimp scad","481"
"Allocyttus niger","Black oreo","523"
"Allothunnus fallai","Slender tuna","530"
"Alopias superciliosus","Bigeye thresher","532"
"Alopias vulpinus","Thresher","533"
"Alosa fallax","Twaite shad","536"
"Alosa pseudoharengus","Alewife","539"
"Alosa sapidissima","American shad","540"
"Amblygaster sirm","Spotted sardinella","655"
"Amblyraja radiata","Starry ray","677"
"Ammodytes marinus","Lesser sand-eel","692"
"Ammodytes personatus","Pacific sandlance","693"
"Amphichthys cryptocentrus","Bocon toadfish","737"
"Anadara ovalis","Blood ark","822"
"Anarhichas denticulatus","Northern wolffish","846"
"Anarhichas lupus","Atlantic wolffish","847"
"Anchoa nasus","Longnose anchovy","874"
"Anodontostoma chacunda","Chacunda gizzard shad","941"
"Anoplopoma fimbria","Sablefish","976"
"Antimora rostrata","Blue antimora","1067"
"Aphanopus carbo","Black scabbardfish","1083"
"Aphareus rutilans","Rusty jobfish","1086"
"Aphia minuta","Transparent goby","1091"
"Aprion virescens","Green jobfish","1271"
"Apsilus fuscus","African forktail snapper","1294"
"Archosargus probatocephalus","Sheepshead","1342"
"Arctoscopus japonicus","Japanese sandfish","1364"
"Argentina silus","Greater argentine","1387"
"Argentina sphyraena","Argentine","1388"
"Argyrops spinifer","King soldier bream","1412"
"Argyrosomus hololepidotus","Southern meagre(=Mulloway)","1414"
"Argyrosomus regius","Meagre","1417"
"Argyrozona argyrozona","Carpenter seabream","1419"
"Ariomma indicum","Indian dirtfish","1422"
"Aristaeomorpha foliacea","Giant red shrimp","1443"
"Aristeus antennatus","Blue and red shrimp","1445"
"Aristeus varidens","Striped red shrimp","1447"
"Arripis georgianus","Ruff","1500"
"Arripis trutta","Australian salmon","1501"
"Artemesia longinaris","Argentine stiletto shrimp","1523"
"Atheresthes evermanni","Kamchatka flounder","1733"
"Atheresthes stomias","Arrow-tooth flounder","1734"
"Atherina boyeri","Big-scale sand smelt","1735"
"Atractoscion aequidens","Geelbek croaker","1763"
"Atractoscion nobilis","White weakfish","1764"
"Atrobucca nibe","Blackmouth croaker","1773"
"Atule mate","Yellowtail scad","1780"
"Aulacomya ater","Cholga mussel","1793"
"Austroglossus microlepis","West coast sole","1829"
"Austroglossus pectoralis","Mud sole","1830"
"Balistes capriscus","Grey triggerfish","1910"
"Bathyraja eatonii","Eaton's skate","2098"
"Belone belone","Garfish","2172"
"Berryteuthis magister","Schoolmaster gonate squid","2239"
"Beryx decadactylus","Alfonsino","2248"
"Beryx splendens","Splendid alfonsino","2250"
"Bolbometopon muricatum","Green humphead parrotfish","2324"
"Boops boops","Bogue","2352"
"Boreogadus saida","Polar cod","2355"
"Bothus pantherinus","Leopard flounder","2387"
"Brachydeuterus auritus","Bigeye grunt","2422"
"Brama brama","Atlantic pomfret","2436"
"Bregmaceros mcclellandi","Unicorn cod","2468"
"Brevoortia aurea","Brazilian menhaden","2477"
"Brevoortia patronus","Gulf menhaden","2479"
"Brevoortia tyrannus","Atlantic menhaden","2482"
"Brosme brosme","Tusk(=Cusk)","2494"
"Brotula barbata","Bearded brotula","2498"
"Buccinum undatum","Whelk","2525"
"Callinectes danae","Dana swimcrab","2675"
"Callinectes sapidus","Blue crab","2679"
"Callista chione","Smooth callista","2760"
"Callorhinchus callorynchus","Plownose chimaera","2786"
"Callorhinchus milii","Ghost shark","2788"
"Cancer borealis","Jonah crab","2817"
"Cancer irroratus","Atlantic rock crab","2818"
"Cancer pagurus","Edible crab","2820"
"Cancer productus","Pacific rock crab","2821"
"Caprodon longimanus","Pink maomao","2869"
"Capros aper","Boarfish","2873"
"Carangoides bajad","Orangespotted trevally","2880"
"Carangoides fulvoguttatus","Yellowspotted trevally","2888"
"Carangoides malabaricus","Malabar trevally","2892"
"Caranx crysos","Blue runner","2902"
"Caranx hippos","Crevalle jack","2904"
"Caranx ignobilis","Giant trevally","2905"
"Caranx melampygus","Bluefin trevally","2908"
"Caranx rhonchus","False scad","2910"
"Caranx ruber","Bar jack","2911"
"Caranx sexfasciatus","Bigeye trevally","2913"
"Carcharhinus brachyurus","Copper shark","2927"
"Carcharhinus falciformis","Silky shark","2931"
"Carcharhinus limbatus","Blacktip shark","2937"
"Carcharhinus longimanus","Oceanic whitetip shark","2938"
"Carcharhinus sorrah","Spot-tail shark","2947"
"Carcinus aestuarii","Mediterranean shore crab","2951"
"Carcinus maenas","Green crab","2952"
"Caulolatilus microps","Grey tilefish","3053"
"Caulolatilus princeps","Ocean whitefish","3054"
"Centriscops humerosus","Banded yellowfish","3072"
"Centroberyx affinis","Redfish","3075"
"Centroberyx gerrardi","Bight redfish","3077"
"Centrophorus granulosus","Gulper shark","3090"
"Centrophorus squamosus","Leafscale gulper shark","3096"
"Centropomus undecimalis","Common snook","3111"
"Centropristis striata","Black seabass","3116"
"Cephalopholis argus","Peacock hind","3151"
"Cephalopholis boenak","Chocolate hind","3153"
"Cephalopholis fulva","Coney","3157"
"Cephalopholis hemistiktos","Yellowfin hind","3158"
"Cephalopholis miniata","Coral hind","3162"
"Cephaloscyllium isabellum","Draughtsboard shark","3182"
"Cepola macrophthalma","Red bandfish","3194"
"Cerastoderma edule","Common edible cockle","3205"
"Cetengraulis edentulus","Atlantic anchoveta","3260"
"Cetengraulis mysticetus","Pacific anchoveta","3261"
"Chaceon affinis","Deep-sea red crab","3270"
"Chaceon quinquedens","Red crab","3273"
"Chamelea gallina","Striped venus","3401"
"Champsocephalus gunnari","Mackerel icefish","3404"
"Channichthys rhinoceratus","Unicorn icefish","3420"
"Chanos chanos","Milkfish","3423"
"Cheilinus undulatus","Humphead wrasse","3467"
"Cheimerius nufar","Santer seabream","3512"
"Chelidonichthys capensis","Cape gurnard","3520"
"Chelidonichthys cuculus","Red gurnard","3521"
"Chelidonichthys kumu","Bluefin gurnard","3523"
"Chelidonichthys lucerna","Tub gurnard","3524"
"Chimaera monstrosa","Rabbit fish","3581"
"Chionoecetes opilio","Queen crab","3591"
"Chirocentrus dorab","Dorab wolf-herring","3595"
"Chirocentrus nudus","Whitefin wolf-herring","3596"
"Chlamys islandica","Iceland scallop","3622"
"Chloroscombrus chrysurus","Atlantic bumper","3652"
"Chloroscombrus orqueta","Pacific bumper","3653"
"Citharichthys sordidus","Pacific sanddab","3927"
"Clupanodon thrissa","Chinese gizzard shad","4011"
"Clupea harengus","Atlantic herring","4012"
"Coelorinchus chilensis","Chilean grenadier","4097"
"Cololabis saira","Pacific saury","4169"
"Conger conger","European conger","4237"
"Conger myriaster","Whitespotted conger","4239"
"Conger oceanicus","American conger","4240"
"Conger orbignianus","Argentine conger","4242"
"Conodon nobilis","Barred grunt","4266"
"Coregonus lavaretus","European whitefish","4407"
"Coryphaena hippurus","Common dolphinfish","4442"
"Coryphaenoides rupestris","Roundnose grenadier","4471"
"Cottoperca gobio","Channel bull blenny","4524"
"Crangon crangon","Common shrimp","4531"
"Crassostrea gigas","Pacific cupped oyster","4544"
"Crassostrea virginica","American cupped oyster","4546"
"Crenidens crenidens","Karanteen seabream","4560"
"Cromileptes altivelis","Humpback grouper","4582"
"Ctenolabrus rupestris","Goldsinny-wrasse","4668"
"Cyclopterus lumpus","Lumpfish(=Lumpsucker)","4720"
"Cymatoceps nasutus","Black musselcracker","4773"
"Cynoponticus coniceps","Red pike conger","4816"
"Cynoscion acoupa","Acoupa weakfish","4819"
"Cynoscion arenarius","Sand weakfish","4821"
"Cynoscion guatucupa","Stripped weakfish","4822"
"Cynoscion leiarchus","Smooth weakfish","4823"
"Cynoscion nebulosus","Spotted weakfish","4826"
"Cynoscion regalis","Squeteague(=Gray weakfish)","4831"
"Cynoscion striatus","Striped weakfish","4835"
"Cynoscion virescens","Green weakfish","4836"
"Cyttus traversi","King dory","4912"
"Dactylopterus volitans","Flying gurnard","4926"
"Dalatias licha","Kitefin shark","4943"
"Dasyatis pastinaca","Common stingray","4984"
"Decapterus macrosoma","Shortfin scad","5004"
"Decapterus maruadsi","Japanese scad","5005"
"Decapterus russelli","Indian scad","5008"
"Dentex angolensis","Angolan dentex","5074"
"Dentex congoensis","Congo dentex","5077"
"Dentex dentex","Common dentex","5078"
"Dentex macrophthalmus","Large-eye dentex","5081"
"Diagramma pictum","Painted sweetlips","5124"
"Diapterus auratus","Irish mojarra","5204"
"Diastobranchus capensis","Basketwork eel","5208"
"Dicentrarchus labrax","European seabass","5228"
"Dicentrarchus punctatus","Spotted seabass","5229"
"Dicologlossa cuneata","Wedge sole","5235"
"Diplodus annularis","Annular seabream","5323"
"Diplodus vulgaris","Common two-banded seabream","5332"
"Dipturus batis","Common skate","5360"
"Dipturus innominatus","New Zealand smooth skate","5370"
"Dipturus oxyrinchus","Longnosed skate","5379"
"Dissostichus eleginoides","Patagonian toothfish","5411"
"Dissostichus mawsoni","Antarctic toothfish","5412"
"Doryteuthis pealeii","Longfin inshore squid","5475"
"Dosidicus gigas","Jumbo flying squid","5478"
"Drepane africana","African sicklefish","5492"
"Drepane punctata","Spotted sicklefish","5494"
"Dussumieria acuta","Rainbow sardine","5520"
"Dussumieria elopsoides","Slender rainbow sardine","5521"
"Elagatis bipinnulata","Rainbow runner","5672"
"Eledone cirrhosa","Horned octopus","5685"
"Eleginops maclovinus","Patagonian blennie","5688"
"Eleginus gracilis","Saffron cod","5689"
"Eleutheronema tetradactylum","Fourfinger threadfin","5702"
"Elops lacerta","West African ladyfish","5708"
"Elops saurus","Ladyfish","5710"
"Encrasicholina punctifer","Buccaneer anchovy","5756"
"Engraulis anchoita","Argentine anchovy","5768"
"Engraulis encrasicolus","European anchovy","5771"
"Engraulis japonicus","Japanese anchovy","5773"
"Engraulis mordax","Californian anchovy","5774"
"Engraulis ringens","Anchoveta(=Peruvian anchovy)","5775"
"Ensis directus","Atl.jackknife(=Atl.razor clam)","5846"
"Eopsetta jordani","Petrale sole","5874"
"Epigonus telescopus","Black cardinal fish","5898"
"Epinephelus aeneus","White grouper","5904"
"Epinephelus areolatus","Areolate grouper","5910"
"Epinephelus chlorostigma","Brownspotted grouper","5916"
"Epinephelus fuscoguttatus","Brown-marbled grouper","5931"
"Epinephelus goreensis","Dungat grouper","5932"
"Epinephelus marginatus","Dusky grouper","5946"
"Epinephelus merra","Honeycomb grouper","5948"
"Epinephelus morio","Red grouper","5950"
"Epinephelus morrhua","Comet grouper","5951"
"Epinephelus polylepis","Smallscaled grouper","5955"
"Epinephelus striatus","Nassau grouper","5965"
"Epinephelus summana","Summan grouper","5966"
"Epinephelus tauvina","Greasy grouper","5967"
"Eptatretus cirrhatus","Broadgilled hagfish","6006"
"Erimacrus isenbeckii","Hair crab","6052"
"Ethmalosa fimbriata","Bonga shad","6097"
"Ethmidium maculatum","Pacific menhaden","6098"
"Etmopterus spinax","Velvet belly","6123"
"Etrumeus whiteheadi","Whitehead's round herring","6130"
"Euthynnus affinis","Kawakawa","6388"
"Euthynnus alletteratus","Little tunny(=Atl.black skipj)","6389"
"Euthynnus lineatus","Black skipjack","6390"
"Eutrigla gurnardus","Grey gurnard","6392"
"Farfantepenaeus aztecus","Brown shrimp","6469"
"Farfantepenaeus brevirostris","Crystal shrimp","6470"
"Farfantepenaeus duorarum","Pink shrimp ","6472"
"Farfantepenaeus notialis","Southern pink shrimp","6473"
"Fenneropenaeus chinensis","Fleshy prawn","6527"
"Fenneropenaeus penicillatus","Redtail prawn","6529"
"Fistularia corneta","Pacific cornetfish","6580"
"Gadiculus argenteus","Silvery pout","6712"
"Gadus macrocephalus","Pacific cod","6745"
"Gadus morhua","Atlantic cod","6746"
"Gadus ogac","Greenland cod","6747"
"Galeocerdo cuvier","Tiger shark","6782"
"Galeoides decadactylus","Lesser African threadfin","6784"
"Galeorhinus galeus","Tope shark","6787"
"Galeus melastomus","Blackmouth catshark","6792"
"Gasterochisma melampus","Butterfly kingfish","6811"
"Genyonemus lineatus","White croaker","6870"
"Genypterus blacodes","Pink cusk-eel","6871"
"Genypterus capensis","Kingklip","6873"
"Genypterus maculatus","Black cusk-eel","6875"
"Gerres nigri","Guinean striped mojarra","6890"
"Gerres oblongus","Slender silver-biddy","6891"
"Gerres oyena","Common silver-biddy","6892"
"Ginglymostoma cirratum","Nurse shark","6922"
"Girella tricuspidata","Parore","6936"
"Glycymeris glycymeris","Common European bittersweet","6975"
"Glyptocephalus cynoglossus","Witch flounder","6996"
"Glyptocephalus zachirus","Rex sole","6998"
"Grammoplites suppositus","Spotfin flathead","7173"
"Gymnosarda unicolor","Dogtooth tuna","7241"
"Gymnura altavela","Spiny butterfly ray","7325"
"Haemulon plumierii","White grunt","7350"
"Haliotis rubra","Blacklip abalone","7483"
"Haliotis tuberculata","Tuberculate abalone","7484"
"Harpadon nehereus","Bombay-duck","7562"
"Helicolenus dactylopterus","Blackbelly rosefish","7617"
"Hemiramphus balao","Balao halfbeak","7660"
"Hemiramphus brasiliensis","Ballyhoo halfbeak","7661"
"Herklotsichthys quadrimaculatus","Bluestripe herring","7704"
"Hexagrammos decagrammus","Kelp greenling","7785"
"Hexanchus griseus","Bluntnose sixgill shark","7789"
"Hilsa kelee","Kelee shad","7794"
"Himantura gerrardi","Sharpnose stingray","7806"
"Hippoglossoides elassodon","Flathead sole","7863"
"Hippoglossoides platessoides","Amer. plaice(=Long rough dab)","7864"
"Hippoglossus hippoglossus","Atlantic halibut","7866"
"Holothuria fuscogilva","White teatfish","7931"
"Holothuria nobilis","Black teatfish","7937"
"Homarus americanus","American lobster","7953"
"Homarus gammarus","European lobster","7954"
"Hoplopagrus guentherii","Mexican barred snapper","7975"
"Hoplostethus atlanticus","Orange roughy","7977"
"Hydrolagus novaezealandiae","Dark ghost shark","8039"
"Hyperoglyphe antarctica","Bluenose warehou","8081"
"Hyporthodus flavolimbatus","Yellowedge grouper","8149"
"Hyporthodus mystacinus","Misty grouper","8151"
"Hyporthodus nigritus","Warsaw grouper","8152"
"Hyporthodus niveatus","Snowy grouper","8154"
"Ilisha africana","West African ilisha","8235"
"Ilisha elongata","Elongate ilisha","8236"
"Illex argentinus","Argentine shortfin squid","8245"
"Illex coindetii","Broadtail shortfin squid","8246"
"Illex illecebrosus","Northern shortfin squid","8247"
"Isopisthus parvipinnis","Bigtooth corvina","8317"
"Istiompax indica","Black marlin","8344"
"Istiophorus albicans","Atlantic sailfish","8345"
"Istiophorus platypterus","Indo-Pacific sailfish","8346"
"Isurus oxyrinchus","Shortfin mako","8347"
"Jasus edwardsii","Red rock lobster","8371"
"Jasus lalandii","Cape rock lobster","8373"
"Kajikia albida","White marlin ","8423"
"Kajikia audax","Striped marlin","8424"
"Kathetostoma giganteum","Giant stargazer","8444"
"Katsuwonus pelamis","Skipjack tuna","8447"
"Konosirus punctatus","Dotted gizzard shad","8470"
"Labrus bergylta","Ballan wrasse","8533"
"Lachnolaimus maximus","Hogfish","8538"
"Lactarius lactarius","False trevally","8539"
"Lamna nasus","Porbeagle","8618"
"Lampris guttatus","Opah","8654"
"Larimichthys crocea","Large yellow croaker","8665"
"Larimichthys polyactis","Yellow croaker","8666"
"Larimus breviceps","Shorthead drum","8669"
"Lateolabrax japonicus","Japanese seabass","8706"
"Lates calcarifer","Barramundi(=Giant seaperch)","8711"
"Leiostomus xanthurus","Spot croaker","8743"
"Lepidocybium flavobrunneum","Escolar","8787"
"Lepidonotothen squamifrons","Grey rockcod","8796"
"Lepidoperca pulchella","Orange perch","8801"
"Lepidopsetta bilineata","Rock sole","8806"
"Lepidopsetta polyxystra","Northern rock sole","8808"
"Lepidopus caudatus","Silver scabbardfish","8810"
"Lepidorhombus boscii","Four-spot megrim","8813"
"Lepidorhombus whiffiagonis","Megrim","8814"
"Lepidorhynchus denticulatus","Thorntooth grenadier","8815"
"Lethrinus atlanticus","Atlantic emperor","8980"
"Lethrinus borbonicus","Snubnose emperor","8981"
"Lethrinus harak","Thumbprint emperor","8989"
"Lethrinus lentjan","Pink ear emperor","8991"
"Lethrinus mahsena","Sky emperor","8992"
"Lethrinus microdon","Smalltooth emperor","8993"
"Lethrinus nebulosus","Spangled emperor","8995"
"Lethrinus obsoletus","Orange-striped emperor","8996"
"Lethrinus xanthochilus","Yellowlip emperor","9004"
"Leucoraja circularis","Sandy ray","9015"
"Leucoraja fullonica","Shagreen ray","9017"
"Leucoraja naevus","Cuckoo ray","9022"
"Lichia amia","Leerfish","9042"
"Limanda aspera","Yellowfin sole","9057"
"Limanda ferruginea","Yellowtail flounder","9058"
"Limanda limanda","Common dab","9059"
"Limulus polyphemus","Horseshoe crab","9089"
"Lithognathus mormyrus","Sand steenbras","9192"
"Litopenaeus setiferus","White shrimp ","9210"
"Litopenaeus vannamei","Whiteleg shrimp","9211"
"Littorina littorea","Common periwinkle","9215"
"Liza aurata","Golden grey mullet","9220"
"Liza saliens","Leaping mullet","9226"
"Loligo vulgaris","European squid","9254"
"Lophius americanus","American angler","9280"
"Lophius budegassa","Blackbellied angler","9281"
"Lophius gastrophysus","Blackfin goosefish","9282"
"Lophius piscatorius","Angler(=Monk)","9284"
"Lophius vomerinus","Devil anglerfish","9286"
"Lopholatilus chamaeleonticeps","Great Northern tilefish","9292"
"Loxechinus albus","Chilean sea urchin","9316"
"Lutjanus analis","Mutton snapper","9382"
"Lutjanus argentimaculatus","Mangrove red snapper","9385"
"Lutjanus argentiventris","Yellow snapper","9386"
"Lutjanus bohar","Two-spot red snapper","9390"
"Lutjanus buccanella","Blackfin snapper","9392"
"Lutjanus campechanus","Northern red snapper","9393"
"Lutjanus cyanopterus","Cubera snapper","9397"
"Lutjanus gibbus","Humpback red snapper","9405"
"Lutjanus griseus","Grey snapper","9407"
"Lutjanus guttatus","Spotted rose snapper","9408"
"Lutjanus johnii","John's snapper","9411"
"Lutjanus kasmira","Common bluestripe snapper","9413"
"Lutjanus malabaricus","Malabar blood snapper","9419"
"Lutjanus peru","Pacific red snapper","9423"
"Lutjanus purpureus","Southern red snapper","9424"
"Lutjanus quinquelineatus","Five-lined snapper","9425"
"Lutjanus synagris","Lane snapper","9432"
"Lutjanus vivanus","Silk snapper","9436"
"Macrodon ancylodon","King weakfish","9578"
"Macrourus berglax","Roughhead grenadier","9610"
"Macrourus carinatus","Ridge scaled rattail","9611"
"Macrourus whitsoni","Whitson's grenadier","9613"
"Macruronus magellanicus","Patagonian grenadier","9615"
"Macruronus novaezelandiae","Blue grenadier","9616"
"Maja squinado","Spinous spider crab","9646"
"Makaira nigricans","Blue marlin","9647"
"Malacanthus plumieri","Sand tilefish","9650"
"Mallotus villosus","Capelin","9684"
"Marsupenaeus japonicus","Kuruma prawn","9725"
"Megalaspis cordyla","Torpedo scad","9768"
"Megalops atlanticus","Tarpon","9772"
"Megalops cyprinoides","Indo-Pacific tarpon","9773"
"Melanogrammus aeglefinus","Haddock","9830"
"Melicertus kerathurus","Caramote prawn","9856"
"Melicertus latisulcatus","Western king prawn","9857"
"Mene maculata","Moonfish","9872"
"Menidia menidia","Atlantic silverside","9874"
"Menippe mercenaria","Black stone crab","9876"
"Menticirrhus littoralis","Gulf kingcroaker","9880"
"Menticirrhus saxatilis","Northern kingfish","9883"
"Mercenaria mercenaria","Northern quahog(=Hard clam)","9890"
"Merlangius merlangus","Whiting","9896"
"Merluccius albidus","Offshore silver hake","9897"
"Merluccius australis","Southern hake","9899"
"Merluccius bilinearis","Silver hake","9900"
"Merluccius capensis","Shallow-water Cape hake","9901"
"Merluccius hubbsi","Argentine hake","9904"
"Merluccius merluccius","European hake","9905"
"Merluccius paradoxus","Deep-water Cape hake","9906"
"Merluccius polli","Benguela hake","9907"
"Merluccius productus","North Pacific hake","9908"
"Merluccius senegalensis","Senegalese hake","9909"
"Metanephrops challengeri","New Zealand lobster","9957"
"Metapenaeus joyneri","Shiba shrimp","9982"
"Metapenaeus monoceros","Speckled shrimp","9986"
"Meuschenia scaber","Velvet leatherjacket","10004"
"Microgadus tomcod","Atlantic tomcod","10026"
"Micromesistius australis","Southern blue whiting","10040"
"Micromesistius poutassou","Blue whiting(=Poutassou)","10041"
"Micropogonias furnieri","Whitemouth croaker","10053"
"Micropogonias undulatus","Atlantic croaker","10054"
"Microstomus kitt","Lemon sole","10064"
"Microstomus pacificus","Dover sole","10065"
"Miichthys miiuy","Mi-iuy (brown) croaker","10070"
"Molva dypterygia","Blue ling","10186"
"Molva molva","Ling","10188"
"Monotaxis grandoculis","Humpnose big-eye bream","10231"
"Moolgarda seheli","Bluespot mullet","10283"
"Mora moro","Common mora","10289"
"Morone saxatilis","Striped bass","10298"
"Mugil cephalus","Flathead grey mullet","10313"
"Mugil curema","White mullet","10314"
"Mugil liza","Lebranche mullet","10317"
"Mulloidichthys flavolineatus","Yellowstripe goatfish","10326"
"Mullus argentinae","Argentine goatfish","10330"
"Mullus surmuletus","Surmullet","10334"
"Muraena helena","Mediterranean moray","10381"
"Muraenesox cinereus","Daggertooth pike conger","10386"
"Mustelus antarcticus","Gummy shark","10411"
"Mustelus asterias","Starry smooth-hound","10412"
"Mustelus lenticulatus","Spotted estuary smooth-hound","10418"
"Mustelus mustelus","Smooth-hound","10424"
"Mustelus schmitti","Narrownose smooth-hound","10428"
"Mycteroperca microlepis","Gag","10453"
"Mycteroperca phenax","Scamp","10455"
"Myliobatis aquila","Common eagle ray","10480"
"Mytilus galloprovincialis","Mediterranean mussel","10545"
"Naso unicornis","Bluespine unicornfish","10633"
"Naucrates ductor","Pilotfish","10708"
"Nemadactylus bergi","Castaneta","10735"
"Nemadactylus macropterus","Tarakihi","10738"
"Nematalosa nasus","Bloch's gizzard shad","10748"
"Nemipterus japonicus","Japanese threadfin bream","10778"
"Nemipterus virgatus","Golden threadfin bream","10788"
"Nephrops norvegicus","Norway lobster","10961"
"Netuma thalassina","Giant catfish","11016"
"Normanichthys crockeri","Mote sculpin","11078"
"Oblada melanura","Saddled seabream","11210"
"Octopus vulgaris","Common octopus","11241"
"Ocyurus chrysurus","Yellowtail snapper","11247"
"Odontesthes regia","Chilean silverside","11268"
"Ommastrephes bartramii","Neon flying squid","11376"
"Oncorhynchus gorbuscha","Pink(=Humpback) salmon","11398"
"Oncorhynchus keta","Chum(=Keta=Dog) salmon","11399"
"Oncorhynchus kisutch","Coho(=Silver) salmon","11400"
"Oncorhynchus nerka","Sockeye(=Red) salmon","11403"
"Oncorhynchus tshawytscha","Chinook(=Spring=King) salmon","11404"
"Ophiodon elongatus","Lingcod","11534"
"Orcynopsis unicolor","Plain bonito","11691"
"Ostrea edulis","European flat oyster","11776"
"Otolithes ruber","Tigertooth croaker","11781"
"Oxynotus centrina","Angular roughshark","11813"
"Pagellus acarne","Axillary seabream","11855"
"Pagellus bellottii","Red pandora","11856"
"Pagellus bogaraveo","Blackspot(=red) seabream","11857"
"Pagellus erythrinus","Common pandora","11858"
"Pagrus auratus","Silver seabream","11866"
"Pagrus major","Japanese seabream","11869"
"Pagrus pagrus","Red porgy","11870"
"Palaemon serratus","Common prawn","11879"
"Palinurus elephas","Common spiny lobster","11888"
"Palinurus gilchristi","Southern spiny lobster","11889"
"Palinurus mauritanicus","Pink spiny lobster","11890"
"Pampus argenteus","Silver pomfret","11911"
"Pandalus jordani","Ocean shrimp","11915"
"Panulirus argus","Caribbean spiny lobster","11930"
"Panulirus gracilis","Green spiny lobster","11931"
"Panulirus homarus","Scalloped spiny lobster","11933"
"Panulirus longipes","Longlegged spiny lobster","11935"
"Paracentrotus lividus","Stony sea urchin","11991"
"Paralabrax humeralis","Peruvian rock seabass","12055"
"Paralichthys californicus","California flounder","12070"
"Paralichthys dentatus","Summer flounder","12071"
"Paralichthys olivaceus","Bastard halibut","12074"
"Paralithodes camtschaticus","Red king crab","12111"
"Paralithodes platypus","Blue king crab","12112"
"Paralonchurus peruanus","Peruvian banded croaker","12118"
"Parapenaeopsis atlantica","Guinea shrimp","12160"
"Parapenaeus longirostris","Deep-water rose shrimp","12174"
"Parapercis colias","New Zealand blue cod","12182"
"Parastromateus niger","Black pomfret","12259"
"Paristiopterus labiosus","Giant boarfish","12313"
"Parona signata","Parona leatherjacket","12327"
"Parophrys vetulus","English sole ","12330"
"Patagonotothen ramsayi","Longtail Southern cod","12388"
"Patinopecten caurinus","Weathervane scallop","12397"
"Pecten jacobaeus","Great Mediterranean scallop","12425"
"Pecten maximus","Great Atlantic scallop","12426"
"Pegusa lascaris","Sand sole","12442"
"Pelates quadrilineatus","Fourlined terapon","12449"
"Pellona ditchela","Indian pellona","12457"
"Penaeus monodon","Giant tiger prawn","12488"
"Penaeus semisulcatus","Green tiger prawn","12489"
"Pennahia anea","Donkey croaker","12493"
"Pennahia argentata","Silver croaker","12494"
"Pentanemus quinquarius","Royal threadfin","12510"
"Peprilus paru","American harvestfish","12530"
"Percophis brasiliensis","Brazilian flathead","12535"
"Perna perna","South American rock mussel","12588"
"Perna viridis","Green mussel","12589"
"Petromyzon marinus","Sea lamprey","12626"
"Petrus rupestris","Red steenbras","12637"
"Pharus legumen","Bean solen","12679"
"Phycis blennoides","Greater forkbeard","12783"
"Phycis phycis","Forkbeard","12785"
"Plagiogeneion rubiginosum","Rubyfish","12897"
"Platichthys flesus","European flounder","12923"
"Platichthys stellatus","Starry flounder","12924"
"Platycephalus conatus","Deep-water flathead","12932"
"Platycephalus indicus","Bartail flathead","12935"
"Platycephalus richardsoni","Tiger flathead","12939"
"Plectorhinchus gaterinus","Blackspotted rubberlip","12969"
"Plectorhinchus mediterraneus","Rubberlip grunt","12974"
"Plectorhinchus pictus","Trout sweetlips","12977"
"Plectorhinchus schotaf","Minstrel sweetlips","12980"
"Plectorhinchus sordidus","Sordid rubberlip","12981"
"Plectropomus areolatus","Squaretail coralgrouper","13011"
"Plectropomus leopardus","Leopard coralgrouper","13013"
"Plectropomus pessuliferus","Roving coralgrouper","13016"
"Pleoticus muelleri","Argentine red shrimp","13020"
"Pleoticus robustus","Royal red shrimp","13021"
"Plesiopenaeus edwardsianus","Scarlet shrimp","13040"
"Pleurogrammus azonus","Okhotsk atka mackerel","13062"
"Pleurogrammus monopterygius","Atka mackerel","13063"
"Pleuronectes platessa","European plaice","13068"
"Pleuronectes quadrituberculatus","Alaska plaice ","13070"
"Pogonias cromis","Black drum","13159"
"Pollachius pollachius","Pollack","13186"
"Pollachius virens","Saithe(=Pollock)","13187"
"Pollicipes pollicipes","Barnacle","13189"
"Polydactylus quadrifilis","Giant African threadfin","13239"
"Polyprion americanus","Wreckfish","13290"
"Pomacanthus maculosus","Yellowbar angelfish","13312"
"Pomadasys argenteus","Silver grunt","13376"
"Pomadasys jubelini","Sompat grunt","13385"
"Pomadasys kaakan","Javelin grunter","13386"
"Pomadasys stridens","Striped piggy","13395"
"Pomatomus saltatrix","Bluefish","13399"
"Pontinus kuhlii","Offshore rockfish","13411"
"Portunus pelagicus","Blue swimming crab","13476"
"Portunus trituberculatus","Gazami crab","13477"
"Priacanthus macracanthus","Red bigeye","13490"
"Prionace glauca","Blue shark","13518"
"Prolatilus jugularis","Pacific sandperch","13605"
"Promethichthys prometheus","Roudi escolar","13606"
"Psenopsis anomala","Pacific rudderfish","13707"
"Psettichthys melanostictus","Pacific sand sole","13712"
"Psettodes erumei","Indian halibut","13720"
"Pseudocaranx dentex","White trevally","13772"
"Pseudocyttus maculatus","Smooth oreo dory","13823"
"Pseudopercis semifasciata","Argentinian sandperch","13856"
"Pseudophycis bachus","Red codling","13858"
"Pseudopleuronectes americanus","Winter flounder","13867"
"Pseudopleuronectes herzensteini","Yellow striped flounder","13868"
"Pseudotolithus elongatus","Bobo croaker","13916"
"Pseudotolithus senegalensis","Cassava croaker","13919"
"Pseudotolithus senegallus","Law croaker","13920"
"Pseudupeneus prayensis","West African goatfish","13927"
"Pterogymnus laniarius","Panga seabream","13986"
"Pteroscion peli","Boe drum","14003"
"Pterygotrigla polyommata","Latchet(=Sharpbeak gurnard)","14023"
"Rachycentron canadum","Cobia","14137"
"Raja clavata","Thornback ray","14154"
"Raja rhina","Longnose skate","14165"
"Rastrelliger brachysoma","Short mackerel","14199"
"Rastrelliger kanagurta","Indian mackerel","14201"
"Reinhardtius hippoglossoides","Greenland halibut","14210"
"Rexea solandri","Silver gemfish","14236"
"Rhabdosargus globiceps","White stumpnose","14246"
"Rhabdosargus haffara","Haffara seabream","14247"
"Rhinobatos planiceps","Pacific guitarfish","14275"
"Rhomboplites aurorubens","Vermilion snapper","14314"
"Rhynchobatus australiae","Whitespotted wedgefish","14325"
"Rhynchobatus djiddensis","Giant guitarfish","14326"
"Ruditapes decussatus","Grooved carpet shell","14415"
"Ruditapes philippinarum","Japanese carpet shell","14416"
"Ruvettus pretiosus","Oilfish","14422"
"Sagmariasus verreauxi","Green rock lobster","14450"
"Salilota australis","Tadpole codling","14460"
"Salmo salar","Atlantic salmon","14463"
"Sarda orientalis","Striped bonito","14498"
"Sarda sarda","Atlantic bonito","14499"
"Sardina pilchardus","European pilchard(=Sardine)","14500"
"Sardinella aurita","Round sardinella","14502"
"Sardinella brasiliensis","Brazilian sardinella","14504"
"Sardinella gibbosa","Goldstripe sardinella","14506"
"Sardinella lemuru","Bali sardinella","14508"
"Sardinella longiceps","Indian oil sardine","14509"
"Sardinella maderensis","Madeiran sardinella","14510"
"Sardinella zunasi","Japanese sardinella","14516"
"Sardinops sagax","South American pilchard","14517"
"Sargocentron spiniferum","Sabre squirrelfish","14545"
"Sarpa salpa","Salema","14553"
"Saurida tumbil","Greater lizardfish","14579"
"Saurida undosquamis","Brushtooth lizardfish","14580"
"Scarus ghobban","Blue-barred parrotfish","14625"
"Scarus persicus","Gulf parrotfish","14636"
"Sciaenops ocellatus","Red drum","14693"
"Scolopsis taeniata","Black-streaked monocle bream","14720"
"Scomber australasicus","Blue mackerel","14730"
"Scomber japonicus","Chub mackerel","14732"
"Scomber scombrus","Atlantic mackerel","14733"
"Scomberoides commersonnianus","Talang queenfish","14737"
"Scomberoides lysan","Doublespotted queenfish","14738"
"Scomberoides tol","Needlescaled queenfish","14740"
"Scomberomorus brasiliensis","Serra Spanish mackerel","14741"
"Scomberomorus cavalla","King mackerel","14742"
"Scomberomorus commerson","Narrow-barred Spanish mackerel","14743"
"Scomberomorus guttatus","Indo-Pacific king mackerel","14745"
"Scomberomorus lineolatus","Streaked seerfish","14747"
"Scomberomorus maculatus","Atlantic Spanish mackerel","14748"
"Scomberomorus niphonius","Japanese Spanish mackerel","14750"
"Scomberomorus regalis","Cero","14753"
"Scomberomorus sierra","Pacific sierra","14755"
"Scomberomorus tritor","West African Spanish mackerel","14756"
"Scophthalmus aquosus","Windowpane flounder","14789"
"Scophthalmus maximus","Brill","14790"
"Scophthalmus rhombus","Brill","17335"
"Scorpaena guttata","California scorpionfish","14806"
"Scorpaenichthys marmoratus","Cabezon","14826"
"Scyliorhinus stellaris","Nursehound","14890"
"Scylla serrata","Indo-Pacific swamp crab","14893"
"Sebastes aleutianus","Rougheye rockfish","14915"
"Sebastes alutus","Pacific ocean perch","14916"
"Sebastes carnatus","Gopher rockfish","14925"
"Sebastes chlorostictus","Greenspotted rockfish","14927"
"Sebastes crameri","Darkblotched rockfish","14932"
"Sebastes diploproa","Splitnose rockfish","14934"
"Sebastes elongatus","Greenstriped rockfish","14935"
"Sebastes entomelas","Widow rockfish","14938"
"Sebastes fasciatus","Acadian redfish","14940"
"Sebastes flavidus","Yellowtail rockfish","14942"
"Sebastes goodei","Chilipepper rockfish","14945"
"Sebastes jordani","Shortbelly rockfish","14953"
"Sebastes levis","Cowcod","14956"
"Sebastes melanops","Black rockfish","14961"
"Sebastes mystinus","Blue rockfish","14965"
"Sebastes norvegicus","Golden redfish","14968"
"Sebastes paucispinis","Bocaccio rockfish","14974"
"Sebastes pinniger","Canary rockfish","14976"
"Sebastes polyspinis","Northern rockfish","14977"
"Sebastes ruberrimus","Yelloweye rockfish","14983"
"Sebastes variabilis","Dusky rockfish ","14997"
"Sebastolobus alascanus","Shortspine thornyhead","15007"
"Sebastolobus altivelis","Longspine thornyhead","15008"
"Selar crumenophthalmus","Bigeye scad","15018"
"Selaroides leptolepis","Yellowstripe scad","15019"
"Selene dorsalis","African moonfish","15024"
"Selene peruviana","Peruvian moonfish","15026"
"Selene setapinnis","Atlantic moonfish","15027"
"Semicossyphus pulcher","California sheephead","15038"
"Sepia officinalis","Common cuttlefish","15063"
"Sepioteuthis lessoniana","Bigfin reef squid","15095"
"Seriola dumerili","Greater amberjack","15114"
"Seriola lalandi","Yellowtail amberjack","15117"
"Seriola rivoliana","Longfin yellowtail","15119"
"Seriolella brama","Common warehou","15121"
"Seriolella caerulea","White warehou","15122"
"Seriolella punctata","Silver warehou","15123"
"Seriolina nigrofasciata","Blackbanded trevally","15124"
"Serranus cabrilla","Comber","15141"
"Sicyonia brevirostris","Rock shrimp","15176"
"Sicyonia ingentis","Pacific rock shrimp","15179"
"Sillago flindersi","Flinders' sillago","15236"
"Sillago sihama","Silver sillago","15244"
"Solea senegalensis","Senegalese sole","15323"
"Solea solea","Common sole","15324"
"Solenocera agassizii","Kolibri shrimp","15345"
"Sparidentex hasta","Sobaity seabream","15386"
"Sparisoma cretense","Parrotfish","15391"
"Sparus aurata","Gilthead seabream","15397"
"Sphyraena barracuda","Great barracuda","15438"
"Sphyraena jello","Pickhandle barracuda","15447"
"Sphyraena sphyraena","European barracuda","15454"
"Sphyrna lewini","Scalloped hammerhead","15458"
"Sphyrna zygaena","Smooth hammerhead","15462"
"Spicara maena","Blotched picarel","15465"
"Spisula solida","Solid surf clam","15481"
"Spondyliosoma cantharus","Black seabream","15486"
"Sprattus fuegensis","Falkland sprat","15507"
"Sprattus sprattus","European sprat","15509"
"Squalus acanthias","Picked dogfish","15520"
"Squatina argentina","Argentine angelshark","15535"
"Squatina californica","Pacific angelshark","15537"
"Squilla mantis","Spottail mantis squillid","15544"
"Stenotomus chrysops","Scup","15661"
"Stephanolepis cirrhifer","Threadsail filefish","15666"
"Stereolepis gigas","Giant seabass","15684"
"Stromateus brasiliensis","Southwest Atlantic butterfish","15779"
"Stromateus fiatola","Blue butterfish","15780"
"Taractichthys steindachneri","Sickle pomfret","16206"
"Tautoga onitis","Tautog","16216"
"Tautogolabrus adspersus","Cunner","16217"
"Tegillarca granosa","Blood cockle","16232"
"Tenualosa ilisha","Hilsa shad","16268"
"Tenualosa toli","Toli shad","16269"
"Tetrapturus angustirostris","Shortbill spearfish","16330"
"Tetrapturus belone","Mediterranean spearfish","16331"
"Thelenota ananas","Prickly redfish","16404"
"Thenus orientalis","Flathead lobster","16408"
"Theragra chalcogramma","Alaska pollock(=Walleye poll.)","16410"
"Thunnus alalunga","Albacore","16437"
"Thunnus albacares","Yellowfin tuna","16438"
"Thunnus atlanticus","Blackfin tuna","16439"
"Thunnus maccoyii","Southern bluefin tuna","16440"
"Thunnus obesus","Bigeye tuna","16441"
"Thunnus orientalis","Pacific bluefin tuna","16442"
"Thunnus thynnus","Atlantic bluefin tuna","16443"
"Thunnus tonggol","Longtail tuna","16444"
"Thyrsites atun","Snoek","16454"
"Todarodes pacificus","Japanese flying squid","16480"
"Todarodes sagittatus","European flying squid","16481"
"Trachinotus blochii","Snubnose pompano","16556"
"Trachinotus carolinus","Florida pompano","16558"
"Trachinotus mookalee","Indian pompano","16565"
"Trachinus draco","Greater weever","16574"
"Trachipterus arcticus","Dealfish","16577"
"Trachurus capensis","Cape horse mackerel","16586"
"Trachurus declivis","Greenback horse mackerel","16587"
"Trachurus japonicus","Japanese jack mackerel","16590"
"Trachurus lathami","Rough scad","16591"
"Trachurus mediterraneus","Mediterranean horse mackerel","16592"
"Trachurus murphyi","Chilean jack mackerel","16593"
"Trachurus symmetricus","Pacific jack mackerel","16596"
"Trachurus trachurus","Atlantic horse mackerel","16597"
"Trachurus trecae","Cunene horse mackerel","16598"
"Trachysalambria curvirostris","Southern rough shrimp","16616"
"Tragulichthys jaculiferus","Longspine burrfish","16621"
"Trichiurus lepturus","Largehead hairtail","16654"
"Trigloporus lastoviza","Streaked gurnard","16679"
"Trisopterus esmarkii","Norway pout","16779"
"Trisopterus luscus","Pouting(=Bib)","16780"
"Trisopterus minutus","Poor cod","16781"
"Trochus niloticus","Commercial top","16792"
"Umbrina canariensis","Canary drum(=Baardman)","16917"
"Umbrina canosai","Argentine croaker","16918"
"Umbrina cirrosa","Shi drum","16919"
"Upogebia pugettensis","Blue mud shrimp","16950"
"Uranoscopus scaber","Stargazer","16964"
"Urophycis chuss","Red hake","16996"
"Variola louti","Yellow-edged lyretail","17077"
"Xiphias gladius","Swordfish","17238"
"Xiphopenaeus kroyeri","Atlantic seabob","17242"
"Xyrichtys novacula","Pearly razorfish","17253"
"Zenopsis conchifer","Silvery John dory","17321"
"Zenopsis nebulosa","Mirror dory","17322"
"Zeus faber","John dory","17329"
"Zoarces viviparus","Eelpout","17334"
